city,latitude,longitude,temperature,humidity,cloudiness
Daoukro,7.06,-3.97,23.25,97.0,100.0
Port Alfred,-33.59,26.89,15.0,88.0,49.0
Milkovo,41.53,24.68,11.53,87.0,93.0
Carnarvon,-30.97,22.13,13.45,39.0,14.0
Jamestown,-33.21,138.6,17.65,44.0,0.0
Ugoofaaru,5.67,73.0,29.55,65.0,1.0
Faanui,-16.48,-151.75,27.85,78.0,16.0
Nadym,65.53,72.51,2.35,90.0,39.0
Albany,42.65,-73.75,13.63,87.0,75.0
Larsnes,62.2,5.58,0.71,86.0,100.0
Hermanus,-34.42,19.24,12.91,73.0,100.0
Cape Town,-33.93,18.42,12.57,81.0,0.0
Kahului,20.89,-156.47,20.82,88.0,90.0
Saint-Georges,46.12,-70.67,6.13,90.0,23.0
Ushuaia,-54.81,-68.31,4.0,64.0,20.0
Mataura,-46.19,168.86,11.67,96.0,99.0
Savalou,7.93,1.98,26.15,81.0,93.0
Hobart,-42.88,147.33,13.56,58.0,75.0
Elumalai,9.86,77.7,30.0,62.0,20.0
Khatanga,71.98,102.47,-11.95,88.0,2.0
Katobu,-4.94,122.53,31.65,61.0,100.0
Rikitea,-23.12,-134.97,25.45,85.0,1.0
Saint George,39.45,22.34,13.55,87.0,40.0
Yellowknife,62.45,-114.38,0.34,55.0,75.0
Gat,14.69,-16.54,20.0,88.0,0.0
Verkhnevilyuysk,63.45,120.31,5.05,81.0,100.0
Kodiak,39.95,-94.76,16.37,36.0,1.0
Puerto Ayora,-0.74,-90.35,25.0,96.0,4.0
Thompson,55.74,-97.86,0.0,76.0,90.0
Chimore,-16.98,-65.13,23.05,81.0,54.0
Egvekinot,66.32,-179.17,-2.35,95.0,99.0
Pondicherry,-34.04,18.35,12.57,81.0,0.0
Isangel,-19.55,169.27,29.0,58.0,75.0
Salinas,36.67,-121.66,14.38,71.0,1.0
Lac du Bonnet,50.25,-96.06,7.78,36.0,38.0
Punta Arenas,-53.16,-70.91,1.0,86.0,0.0
East London,-33.02,27.91,13.25,91.0,6.0
Bluff,-23.58,149.07,24.05,27.0,0.0
Jalingo,10.3,10.93,30.55,53.0,88.0
Nioro,13.79,-15.05,24.85,40.0,2.0
Kandrian,-6.21,149.55,27.65,85.0,70.0
Cumberland,41.97,-71.43,11.25,87.0,90.0
Manturovo,58.33,44.76,7.05,53.0,97.0
Shangzhi,45.21,127.96,8.25,46.0,98.0
Ormara,25.21,64.64,34.05,11.0,0.0
Marathon,48.72,-86.38,4.55,92.0,100.0
Araouane,18.9,-3.53,29.15,18.0,21.0
Dehloran,32.69,47.27,18.65,58.0,0.0
Souillac,45.6,-0.6,2.55,75.0,0.0
Kavieng,-2.57,150.8,28.45,79.0,100.0
Ribeira Grande,38.52,-28.7,15.55,66.0,4.0
Clyde River,70.47,-68.59,-5.0,92.0,90.0
Norman Wells,65.28,-126.83,2.0,43.0,40.0
Vardo,39.62,-77.74,18.16,93.0,90.0
Saint-Leu,-21.15,55.28,21.39,69.0,75.0
Tabou,4.42,-7.36,23.95,96.0,100.0
Lebu,8.96,38.73,16.0,44.0,40.0
Busselton,-33.64,115.35,17.95,70.0,98.0
Hilo,19.71,-155.08,25.83,65.0,40.0
Vaini,15.34,74.49,19.0,93.0,1.0
Mahebourg,-20.41,57.7,23.25,94.0,40.0
Manaure,11.78,-72.45,27.65,79.0,100.0
Beringovskiy,63.05,179.32,0.35,80.0,96.0
Husavik,50.56,-96.99,6.89,36.0,80.0
Pisco,-13.71,-76.2,21.34,68.0,0.0
Port Elizabeth,39.31,-74.98,16.16,100.0,95.0
Peto,20.13,-88.92,27.15,76.0,54.0
Saskylakh,71.97,114.09,-8.65,92.0,100.0
Atuona,-9.8,-139.03,28.85,74.0,28.0
San Patricio,-26.98,-56.83,23.45,81.0,79.0
Ancud,-41.87,-73.83,11.0,100.0,90.0
Baft,29.23,56.61,11.95,36.0,73.0
Lorengau,-2.02,147.27,29.45,68.0,100.0
Paita,-5.09,-81.11,21.45,92.0,45.0
Mar del Plata,-46.43,-67.52,7.95,62.0,0.0
Dudinka,69.41,86.18,-1.0,86.0,75.0
Port Lincoln,-34.72,135.86,16.05,59.0,0.0
Hithadhoo,-0.6,73.08,28.75,74.0,28.0
Dunedin,-45.87,170.5,13.33,84.0,91.0
Arraial do Cabo,-22.97,-42.02,26.0,78.0,40.0
Porosozero,62.72,32.71,2.35,88.0,100.0
Mosquera,4.71,-74.23,14.0,76.0,90.0
Usinsk,66.0,57.56,2.15,72.0,98.0
Salalah,17.01,54.1,28.0,83.0,75.0
Kungurtug,50.6,97.53,11.05,25.0,78.0
Caravelas,-17.73,-39.27,25.05,77.0,64.0
Seoul,37.57,126.98,20.08,35.0,0.0
Itarema,-2.92,-39.92,24.55,94.0,43.0
Clovis,36.83,-119.7,26.79,14.0,1.0
Sovetskiy,56.76,48.47,10.25,85.0,55.0
Clarence Town,-32.59,151.78,19.52,52.0,40.0
Pokhara,28.21,83.99,16.55,21.0,0.0
Leningradskiy,69.38,178.42,-5.65,85.0,98.0
Kapaa,22.08,-159.32,23.71,60.0,90.0
Haines Junction,60.75,-137.51,4.15,53.0,70.0
Parabel,58.71,81.5,11.45,69.0,100.0
Bethel,60.79,-161.76,7.49,52.0,90.0
Ilulissat,69.22,-51.1,12.0,37.0,77.0
Taltal,-25.41,-70.49,16.35,72.0,0.0
Georgetown,6.8,-58.16,25.35,83.0,75.0
Nome,30.04,-94.42,22.82,73.0,1.0
Dubbo,-32.25,148.6,18.0,52.0,0.0
Mumford,5.26,-0.76,24.95,91.0,99.0
Severo-Kurilsk,50.68,156.12,1.65,91.0,97.0
Broome,52.47,1.45,4.68,81.0,65.0
Yarada,17.65,83.27,28.0,88.0,0.0
Loandjili,-4.77,11.87,26.75,90.0,100.0
Coswig,51.13,13.58,0.77,100.0,0.0
Bonavista,48.65,-53.11,6.11,77.0,100.0
Vao,59.1,26.19,0.75,91.0,63.0
Bathsheba,13.22,-59.52,27.0,74.0,75.0
Komsomolskiy,67.55,63.78,0.45,89.0,67.0
Saint-Philippe,45.36,-73.48,11.06,93.0,90.0
Reconquista,-29.14,-59.64,24.15,91.0,0.0
Ilhabela,-23.78,-45.36,25.45,83.0,84.0
Tshela,-4.99,12.94,24.35,99.0,94.0
Bredasdorp,-34.53,20.04,12.39,81.0,100.0
Westport,53.8,-9.52,1.76,86.0,0.0
Liberal,37.04,-100.92,16.12,63.0,75.0
Victoria,5.28,115.24,29.47,70.0,75.0
Avarua,-21.21,-159.78,27.0,74.0,2.0
Tasiilaq,65.61,-37.64,5.0,80.0,87.0
Bagotville,-28.98,153.42,21.05,52.0,0.0
Sao Filipe,14.9,-24.5,21.75,83.0,30.0
Benjamin Aceval,-24.97,-57.57,21.0,100.0,90.0
Tessalit,20.2,1.01,30.35,11.0,37.0
Ponta do Sol,-20.63,-46.0,18.35,96.0,100.0
Batagay,67.65,134.64,6.15,35.0,7.0
Itaunja,27.08,80.92,26.0,39.0,40.0
Iqaluit,63.75,-68.52,-5.0,85.0,75.0
Provideniya,64.42,-173.23,-1.65,98.0,100.0
Esperance,10.24,-61.45,25.85,74.0,20.0
Biak,-0.91,122.88,22.05,88.0,99.0
Chokurdakh,70.62,147.9,-5.75,94.0,1.0
Diffa,13.32,12.61,29.95,11.0,99.0
Qaanaaq,77.48,-69.36,-4.95,69.0,0.0
Namibe,-15.19,12.15,22.85,78.0,29.0
Hami,42.84,93.51,19.45,25.0,99.0
Fauvillers,49.85,5.67,0.31,96.0,0.0
Artyom,43.36,132.19,14.0,71.0,90.0
Mehriz,31.58,54.44,19.0,37.0,0.0
Nieuw Amsterdam,5.88,-55.08,25.0,94.0,40.0
Maniitsoq,65.42,-52.9,6.45,58.0,97.0
Winnemucca,40.97,-117.74,24.0,14.0,1.0
Urdoma,61.74,48.55,4.05,58.0,47.0
Avera,33.19,-82.53,22.39,94.0,90.0
Shumskiy,54.83,99.13,16.45,19.0,1.0
Bria,6.54,21.99,25.55,58.0,76.0
Xichang,27.88,102.25,25.85,40.0,100.0
Lasa,34.92,32.53,14.06,66.0,95.0
Krasnyy Yar,50.7,44.73,12.65,82.0,37.0
Novyy Urengoy,66.08,76.63,2.35,99.0,99.0
Klaksvik,62.23,-6.59,6.0,75.0,94.0
Butaritari,3.07,172.79,28.65,80.0,100.0
Cabo San Lucas,22.89,-109.91,24.12,29.0,5.0
Suez,29.97,32.54,18.85,53.0,98.0
Kavaratti,10.57,72.64,29.35,66.0,3.0
Narsaq,60.91,-46.05,6.65,71.0,98.0
Didwana,27.4,74.58,34.55,10.0,0.0
Kiomboi,-4.28,34.41,18.85,85.0,54.0
Kununurra,-15.77,128.74,31.0,31.0,22.0
Castro,-42.48,-73.76,11.0,100.0,90.0
Saldanha,41.42,-6.55,9.05,72.0,0.0
Eyl,7.98,49.82,27.15,80.0,30.0
Emerald,-23.53,148.16,21.57,49.0,0.0
Coihaique,-45.58,-72.07,6.42,87.0,0.0
Anadyr,64.73,177.51,1.83,74.0,40.0
Jataizinho,-23.26,-50.98,25.0,83.0,0.0
Kruisfontein,-34.0,24.73,12.15,79.0,100.0
Gizo,31.8,34.94,13.41,82.0,1.0
Thinadhoo,0.53,72.93,28.85,74.0,59.0
Develi,38.39,35.49,7.43,81.0,0.0
Auki,12.18,6.51,31.75,43.0,100.0
Toktogul,41.87,72.95,13.52,89.0,0.0
Maputo,-25.97,32.57,20.75,90.0,0.0
Hofn,64.25,-15.21,-1.55,86.0,34.0
Mahibadhoo,3.78,72.97,29.45,71.0,10.0
Barrow,-38.31,-60.23,15.35,80.0,100.0
Shurugwi,-19.67,30.0,14.45,58.0,0.0
Tanout,14.97,8.88,29.75,11.0,24.0
Koshurnikovo,54.3,93.39,13.65,25.0,0.0
Port Blair,11.67,92.75,28.0,88.0,75.0
Torbay,47.66,-52.73,4.17,80.0,90.0
Bilibino,68.06,166.44,-3.35,87.0,1.0
Ballarpur,19.85,79.35,37.95,18.0,68.0
Orange Cove,36.62,-119.31,27.36,23.0,1.0
Dingle,11.0,122.67,35.65,38.0,16.0
Carmen,7.2,124.8,37.95,40.0,40.0
Juneau,58.3,-134.42,7.23,87.0,90.0
Izhma,65.01,53.91,2.15,69.0,1.0
Sao Joao da Barra,-21.64,-41.05,21.05,95.0,95.0
Chuy,-33.69,-53.46,20.85,92.0,100.0
Sao Gabriel da Cachoeira,-0.13,-67.09,23.65,99.0,100.0
Ampanihy,-24.69,44.75,20.85,92.0,0.0
Astara,38.42,48.87,11.75,100.0,75.0
Los Llanos de Aridane,28.66,-17.92,15.0,59.0,75.0
Upernavik,72.79,-56.15,-2.55,89.0,0.0
Cockburn Town,21.46,-71.14,26.05,81.0,96.0
Airai,-8.93,125.41,31.35,49.0,2.0
Fort-Shevchenko,44.51,50.26,15.15,79.0,88.0
Zelenoborskiy,66.84,32.36,-2.15,74.0,19.0
Denpasar,-8.65,115.22,29.0,83.0,40.0
Colinas,-6.03,-44.25,21.75,82.0,63.0
Guerrero Negro,27.97,-114.04,16.35,85.0,0.0
Urusha,54.05,122.9,9.75,24.0,28.0
Mianyang,31.46,104.75,22.55,58.0,56.0
Bolshaya Sosnova,57.67,54.6,11.65,76.0,10.0
Sinnamary,5.38,-52.96,26.85,84.0,100.0
Oyama,36.31,139.8,24.59,46.0,75.0
Junagarh,19.86,82.94,35.55,13.0,0.0
Damavand,35.72,52.07,18.37,39.0,40.0
Arlit,18.74,7.39,31.75,8.0,1.0
Ambilobe,-13.19,49.05,24.45,74.0,0.0
Havre-Saint-Pierre,50.23,-63.6,1.0,80.0,90.0
Katsuura,33.93,134.5,19.81,68.0,75.0
Vilhena,-12.74,-60.15,22.45,95.0,100.0
Nelson,49.49,-117.29,7.85,70.0,42.0
Show Low,34.25,-110.03,18.65,16.0,1.0
Rio Claro,-22.41,-47.56,19.0,100.0,0.0
Kyren,51.68,102.13,1.25,64.0,0.0
Nikolskoye,59.7,30.79,3.61,93.0,20.0
Walvis Bay,-22.95,14.51,12.09,87.0,0.0
Sobolevo,54.43,31.9,8.15,90.0,100.0
Alofi,-19.06,-169.92,25.0,94.0,100.0
Zyryanka,65.73,150.89,2.85,75.0,43.0
Rocha,-34.48,-54.34,18.75,97.0,100.0
Yulara,-25.24,130.99,19.0,34.0,0.0
Rosario,-34.31,-57.35,17.78,94.0,100.0
Ayna,38.55,-2.07,8.4,70.0,0.0
Esil,51.96,66.41,13.45,38.0,99.0
Abbeville,50.11,1.83,4.0,93.0,9.0
Bambous Virieux,-20.34,57.76,23.27,94.0,40.0
Puerto Quijarro,-19.0,-57.72,23.45,86.0,0.0
Mago,53.27,140.15,4.05,68.0,97.0
Kazanskaya,45.41,40.44,8.85,93.0,0.0
Bahia de Caraquez,-0.6,-80.42,27.0,74.0,75.0
Ust-Maya,60.42,134.54,5.35,70.0,95.0
Talnakh,69.49,88.39,-1.0,86.0,75.0
Juba,57.82,26.93,1.62,93.0,100.0
Vostok,46.45,135.83,22.85,30.0,92.0
Dandong,40.12,124.37,19.05,47.0,67.0
Taquaritinga do Norte,-7.9,-36.04,18.05,97.0,2.0
Lamu,0.57,122.3,31.15,54.0,95.0
Tuktoyaktuk,69.44,-133.03,-6.0,85.0,75.0
Dongkan,34.0,119.83,25.05,27.0,81.0
Comodoro Rivadavia,-45.87,-67.48,9.0,70.0,0.0
Yeppoon,-23.13,150.74,24.0,31.0,0.0
Paamiut,61.99,-49.67,3.15,76.0,100.0
Mareeba,-16.99,145.42,26.91,61.0,40.0
Annonay,45.24,4.67,3.23,93.0,90.0
Rawson,-43.3,-65.11,10.65,72.0,0.0
Kimbe,-5.56,150.15,26.95,87.0,87.0
Aranda de Duero,41.67,-3.69,3.05,84.0,6.0
Merced,37.3,-120.48,23.48,17.0,5.0
Fort Nelson,58.81,-122.69,3.0,44.0,90.0
Humaita,-24.93,-65.37,18.0,88.0,90.0
Dikson,73.51,80.55,-8.45,78.0,45.0
Avanigadda,16.02,80.92,30.0,79.0,14.0
Puerto Barrios,15.72,-88.58,28.0,88.0,40.0
Neryungri,56.66,124.71,0.35,81.0,100.0
Cabadiangan,10.45,123.98,30.0,74.0,75.0
Nichinan,31.65,131.31,22.68,68.0,40.0
Shingu,33.72,135.99,21.0,60.0,0.0
Cidreira,-30.17,-50.22,23.75,86.0,100.0
Kaitangata,-46.28,169.85,12.22,74.0,99.0
Baruun-Urt,46.68,113.28,7.35,20.0,0.0
Ponta Delgada,37.73,-25.67,15.0,77.0,75.0
Sinjar,35.59,37.0,14.15,68.0,61.0
Landau,51.34,9.08,-0.04,86.0,20.0
Aljezur,37.31,-8.8,13.7,91.0,0.0
Makakilo City,21.35,-158.09,21.36,94.0,1.0
Xining,36.62,101.77,6.65,77.0,98.0
Opuwo,-18.06,13.84,17.65,28.0,0.0
Sroda Wielkopolska,52.23,17.28,2.4,100.0,75.0
Faya,18.39,42.45,19.52,39.0,5.0
Beverwijk,52.49,4.66,5.37,80.0,20.0
New Norfolk,-42.78,147.06,13.65,58.0,75.0
Carnduff,49.17,-101.8,4.44,47.0,62.0
Waingapu,-9.65,120.26,28.75,70.0,52.0
Bukama,-9.2,25.85,19.95,80.0,29.0
Brae,60.4,-1.35,5.42,70.0,100.0
Rio Brilhante,-21.8,-54.54,21.55,93.0,0.0
Lompoc,34.64,-120.46,14.15,82.0,1.0
Laguna,27.52,-110.01,29.0,21.0,5.0
Pokrovsk,48.28,37.18,9.55,72.0,0.0
Mount Gambier,-37.83,140.78,14.0,76.0,90.0
Mamallapuram,12.63,80.17,29.98,74.0,40.0
Bosaso,11.28,49.18,30.85,65.0,0.0
Kearney,40.7,-99.08,17.15,55.0,1.0
Filadelfia,-22.35,-60.04,26.75,69.0,71.0
Leh,34.16,77.58,-5.85,54.0,72.0
Saint-Pierre,48.95,4.24,1.46,93.0,0.0
Pringsewu,-5.36,104.98,30.35,59.0,2.0
Beinamar,8.67,15.38,28.45,52.0,95.0
Botwood,49.14,-55.34,6.46,70.0,90.0
Geraldton,49.72,-86.95,5.0,93.0,75.0
Boa Vista,2.82,-60.67,27.0,78.0,40.0
Rio Verde de Mato Grosso,-18.92,-54.84,23.15,81.0,5.0
Morondava,-20.3,44.28,27.15,57.0,0.0
Buhe,30.29,112.23,21.11,89.0,100.0
Naze,5.43,7.07,24.55,96.0,89.0
Nuevo Casas Grandes,30.42,-107.91,22.95,13.0,3.0
Srednekolymsk,67.46,153.71,1.25,76.0,82.0
Waipawa,-39.94,176.59,18.89,59.0,1.0
Pevek,69.7,170.27,-0.65,82.0,100.0
Rudnichnyy,59.7,60.29,11.05,68.0,0.0
Santa Maria,-29.69,-53.81,24.0,94.0,0.0
Dicabisagan,17.08,122.42,32.55,51.0,74.0
Oktyabrskiy,55.61,37.97,5.51,93.0,25.0
Sungaipenuh,-2.08,101.38,31.05,48.0,13.0
Padang,-0.92,100.36,25.0,94.0,75.0
Svetlogorsk,53.14,59.15,6.0,81.0,59.0
Karlskoga,59.33,14.52,1.06,80.0,97.0
Oberstdorf,47.41,10.28,0.8,100.0,100.0
Shimoni,-4.65,39.38,22.85,87.0,35.0
Umm Lajj,25.02,37.27,25.75,71.0,53.0
Hambantota,6.12,81.12,26.0,100.0,75.0
Borskoye,53.03,51.7,14.55,73.0,100.0
Colac,-38.34,143.59,14.66,86.0,91.0
Ingham,-18.65,146.16,27.85,48.0,0.0
Honiara,-9.43,159.96,32.0,66.0,75.0
Zig,40.13,-92.77,15.74,62.0,1.0
Lamballe,48.47,-2.52,5.5,70.0,0.0
Burayevo,55.84,55.41,12.45,82.0,100.0
Ahuimanu,21.44,-157.84,21.36,94.0,1.0
Salym,60.06,71.48,13.05,71.0,16.0
Mehamn,71.03,27.85,-1.45,87.0,100.0
Phangnga,8.45,98.53,28.12,66.0,20.0
San Cristobal,-0.39,-78.55,12.33,87.0,75.0
Hamilton,32.3,-64.78,21.81,83.0,40.0
Prince Rupert,54.32,-130.32,9.0,81.0,90.0
Te Anau,-45.41,167.72,13.25,84.0,97.0
Fortuna,38.18,-1.13,13.75,93.0,0.0
Pacific Grove,36.62,-121.92,13.83,71.0,1.0
Esso,55.93,158.7,-1.75,80.0,90.0
Cayenne,4.94,-52.33,26.0,88.0,99.0
Tiksi,71.64,128.87,-0.45,80.0,59.0
Yurga,55.71,84.93,14.75,47.0,45.0
Kitimat,54.02,-128.69,13.0,43.0,75.0
Neka,36.65,53.3,18.0,82.0,0.0
Antalaha,-14.9,50.28,19.85,99.0,70.0
Turukhansk,65.8,87.96,2.75,98.0,100.0
Ballangen,68.34,16.83,-4.28,92.0,60.0
Les Cayes,18.19,-73.75,27.15,74.0,88.0
Along,28.17,94.8,14.45,88.0,97.0
Kutum,14.2,24.66,23.75,14.0,22.0
Taupo,-38.68,176.08,18.89,68.0,20.0
Elko,40.83,-115.76,19.08,15.0,1.0
Lavrentiya,65.58,-170.99,-2.05,97.0,100.0
Valley City,46.92,-98.0,5.82,86.0,75.0
Varhaug,58.61,5.65,4.27,60.0,0.0
Huarmey,-10.07,-78.15,19.55,93.0,36.0
Rathdrum,52.93,-6.23,0.84,92.0,20.0
Boden,65.83,21.69,-1.0,100.0,100.0
Cururupu,-1.82,-44.87,23.65,95.0,70.0
Codrington,-28.95,153.24,21.15,49.0,0.0
Ippy,6.26,21.2,25.55,58.0,75.0
Grand-Santi,4.27,-54.38,23.25,99.0,100.0
Staraya Poltavka,50.48,46.48,15.25,73.0,100.0
Oudtshoorn,-33.59,22.2,12.0,66.0,87.0
Port Macquarie,-31.43,152.91,19.2,52.0,90.0
Saint Pete Beach,27.73,-82.74,26.18,88.0,90.0
Carutapera,-1.2,-46.02,25.85,83.0,67.0
Mount Isa,-20.73,139.49,22.0,33.0,0.0
Vila Velha,-3.71,-38.6,27.53,74.0,0.0
Keti Bandar,24.14,67.45,27.95,73.0,0.0
Barahona,18.21,-71.1,20.05,89.0,63.0
Gazanjyk,39.24,55.52,26.65,28.0,100.0
Trairi,-3.28,-39.27,22.75,97.0,36.0
Skjervoy,70.03,20.97,-0.55,67.0,75.0
Pitrufquen,-38.98,-72.65,11.34,93.0,90.0
Cherskiy,68.75,161.3,-0.85,90.0,24.0
Khilchipur,24.05,76.58,32.85,32.0,0.0
Sabang,13.72,123.58,30.75,70.0,57.0
Killybegs,54.63,-8.45,6.55,65.0,18.0
Ibra,22.69,58.55,27.05,20.0,0.0
Bandarbeyla,9.49,50.81,25.85,82.0,0.0
Almeirim,39.21,-8.63,13.18,55.0,0.0
Pizarro,4.95,-77.37,27.85,81.0,72.0
Voyvozh,62.89,54.96,4.55,66.0,0.0
Clonakilty,51.62,-8.87,5.0,90.0,0.0
Ishigaki,24.34,124.16,26.0,61.0,75.0
Provost,52.35,-110.26,1.75,39.0,99.0
Lagoa,37.14,-8.45,14.03,93.0,0.0
Senneterre,48.39,-77.24,5.0,56.0,5.0
Terney,45.05,136.61,12.85,55.0,81.0
Krasnyy Chikoy,50.36,108.75,9.15,22.0,0.0
Marsa Matruh,31.35,27.25,16.0,87.0,0.0
Aklavik,68.22,-135.01,-1.0,54.0,75.0
Nueva Guinea,11.69,-84.46,23.55,95.0,100.0
Camacha,33.08,-16.33,16.42,55.0,40.0
Karatau,43.18,70.46,11.67,98.0,0.0
Dafeng,33.2,120.46,31.11,18.0,62.0
Berekum,7.45,-2.58,23.35,93.0,100.0
Chara,39.42,22.43,13.52,87.0,40.0
Pangnirtung,66.15,-65.72,-2.85,71.0,87.0
San Pedro,-33.68,-59.66,17.78,89.0,100.0
Ribnica,45.74,14.73,9.14,93.0,90.0
Iquique,-20.22,-70.14,19.0,68.0,0.0
Tiarei,-17.53,-149.33,30.0,62.0,75.0
Ploemeur,47.73,-3.43,3.99,84.0,0.0
Whitehorse,60.72,-135.06,4.58,80.0,90.0
Talcahuano,-36.72,-73.12,13.0,100.0,90.0
Poronaysk,49.22,143.1,11.35,54.0,77.0
Marsh Harbour,26.54,-77.06,25.45,85.0,1.0
Essex,39.31,-76.48,18.56,100.0,75.0
Marawi,8.0,124.29,29.44,69.0,39.0
Luderitz,-26.65,15.16,11.0,87.0,0.0
Challans,46.85,-1.88,3.07,76.0,0.0
Vestmannaeyjar,63.44,-20.27,6.15,68.0,0.0
Sahuaripa,29.05,-109.23,25.15,14.0,58.0
Mirnyy,56.57,36.46,6.25,77.0,77.0
Shiraz,29.61,52.54,13.0,62.0,0.0
Singaparna,-7.35,108.11,27.95,64.0,2.0
Anchorage,61.22,-149.89,9.53,34.0,1.0
Pueblo,38.25,-104.61,19.8,15.0,40.0
Marevo,43.57,18.7,8.95,100.0,90.0
Alihe,50.57,123.73,7.15,19.0,0.0
San Carlos,9.66,-68.59,27.65,66.0,100.0
Manawar,22.23,75.09,28.85,51.0,0.0
Saint-Augustin,44.83,-0.61,2.91,86.0,0.0
Camapua,-19.53,-54.04,20.25,94.0,0.0
Jasper,33.83,-87.28,19.1,100.0,100.0
Ixtapa,20.71,-105.21,25.58,69.0,75.0
Haapiti,-17.57,-149.87,30.0,62.0,75.0
San Joaquin,10.59,122.14,33.35,48.0,21.0
Sturgis,44.41,-103.51,12.69,50.0,90.0
Porto Novo,-23.68,-45.44,21.0,77.0,20.0
Lingao,19.91,109.69,28.15,85.0,100.0
Hervey Bay,-25.3,152.85,23.22,46.0,0.0
Hovd,63.83,10.7,2.1,100.0,75.0
Atar,20.52,-13.05,25.75,18.0,0.0
Kachug,53.96,105.89,13.25,18.0,51.0
Acapulco,16.86,-99.88,27.0,78.0,40.0
Edgewater,28.99,-80.9,22.79,88.0,1.0
Zhaotong,27.34,103.71,12.45,90.0,100.0
Pithoragarh,29.59,80.22,23.35,12.0,0.0
Samarai,-10.62,150.67,28.05,69.0,71.0
Bom Jesus,-9.08,-44.36,22.55,83.0,28.0
Moose Factory,51.26,-80.61,6.0,56.0,75.0
Payson,40.04,-111.73,15.83,33.0,1.0
Inta,66.04,60.13,2.55,69.0,67.0
Plettenberg Bay,-34.05,23.37,13.15,77.0,98.0
Turner,-35.27,149.12,15.32,59.0,40.0
Vila Franca do Campo,37.72,-25.43,15.0,77.0,75.0
Puerto del Rosario,28.5,-13.86,18.55,59.0,75.0
Warrington,53.39,-2.59,4.21,65.0,0.0
Tadine,-21.55,167.88,25.15,74.0,100.0
Shimoda,34.7,138.93,21.3,64.0,75.0
Sept-Iles,50.2,-66.38,6.43,45.0,20.0
Atasu,48.68,71.64,12.35,33.0,48.0
Tupelo,34.26,-88.7,17.91,88.0,75.0
Bako,9.68,6.4,29.85,61.0,99.0
San Clemente,33.43,-117.61,17.13,67.0,1.0
Touros,-5.2,-35.46,24.0,94.0,40.0
Salinopolis,-0.61,-47.36,27.95,77.0,71.0
Morki,56.43,49.0,11.55,86.0,37.0
Mercedes,-33.25,-58.03,20.25,95.0,100.0
Hasaki,35.73,140.83,23.29,60.0,75.0
Sitka,37.17,-99.65,16.11,79.0,82.0
Zhigansk,66.77,123.37,1.05,96.0,100.0
Sola,58.89,5.65,4.14,60.0,0.0
Artesia,32.84,-104.4,25.81,34.0,1.0
Shimsk,58.21,30.71,2.45,92.0,100.0
Strezhevoy,60.73,77.6,9.0,57.0,0.0
Veraval,49.65,0.71,4.47,86.0,75.0
Weinan,34.5,109.46,19.0,82.0,40.0
La Ronge,55.1,-105.3,-1.0,86.0,90.0
Washim,20.1,77.14,31.85,26.0,0.0
Berlevag,70.86,29.09,0.25,81.0,100.0
Tautira,-17.73,-149.15,30.0,62.0,75.0
Gushikawa,26.35,127.87,25.41,65.0,75.0
Sao Marcos,-28.97,-51.07,21.77,97.0,100.0
Zaraza,9.35,-65.33,26.75,71.0,54.0
Kirakira,-10.46,161.92,28.85,70.0,100.0
Tuy Hoa,13.08,109.3,36.15,39.0,41.0
Bozhou,33.86,115.78,27.85,37.0,100.0
Paracuru,-3.41,-39.03,27.29,74.0,0.0
Tura,25.52,90.21,27.65,71.0,8.0
Male,50.74,33.7,10.25,93.0,22.0
Gornyak,51.0,81.46,13.45,36.0,0.0
Kilmallock,52.4,-8.57,4.07,86.0,0.0
Selikhino,50.37,137.51,17.05,30.0,97.0
Wakiso,0.4,32.48,16.55,99.0,100.0
Hwange,-18.35,26.5,17.55,63.0,0.0
Kangalassy,62.35,129.97,7.0,30.0,0.0
Semey,50.41,80.25,8.0,45.0,0.0
Rio Grande,-32.03,-52.1,22.35,95.0,100.0
Grindavik,63.84,-22.43,3.48,69.0,40.0
Weiser,44.25,-116.97,22.66,22.0,1.0
Suntar,62.16,117.65,6.55,73.0,100.0
Manono,-7.3,27.4,20.95,78.0,41.0
Khani,41.96,42.96,12.0,100.0,28.0
Kalmunai,7.42,81.82,28.85,70.0,100.0
Mandalgovi,45.76,106.27,5.05,26.0,93.0
Kondinskoye,59.65,67.41,11.75,75.0,0.0
Solvychegodsk,61.33,46.92,4.35,55.0,78.0
Ocosingo,16.91,-92.09,20.55,74.0,28.0
Tuatapere,-46.13,167.69,11.67,96.0,100.0
Senno,57.76,27.95,3.0,93.0,100.0
Oistins,13.07,-59.53,27.0,74.0,75.0
Port Antonio,18.18,-76.45,28.0,58.0,20.0
Sultepec,20.14,-98.35,15.95,63.0,91.0
Katherine,-14.47,132.26,29.0,32.0,2.0
Puerto Maldonado,-12.59,-69.19,25.75,80.0,83.0
Half Moon Bay,37.46,-122.43,13.83,76.0,90.0
Omboue,-1.57,9.26,27.45,83.0,100.0
Sisimiut,66.94,-53.67,5.35,57.0,15.0
Inhambane,-23.87,35.38,18.35,95.0,0.0
Masiga,13.36,121.83,30.56,80.0,87.0
Dekar,-21.53,21.93,17.45,37.0,0.0
Flinders,-34.58,150.85,18.11,67.0,75.0
La Orilla,18.0,-102.23,24.95,76.0,0.0
Raudeberg,61.99,5.14,2.61,77.0,100.0
Fuyang,32.89,115.81,28.45,38.0,100.0
Matay,28.42,30.79,19.55,40.0,0.0
Qitaihe,45.77,131.01,7.55,76.0,100.0
Merrill,42.03,-121.6,21.16,19.0,1.0
Orchard Homes,46.86,-114.05,17.51,66.0,1.0
Palmer,61.6,-149.11,9.57,75.0,75.0
Ossora,59.24,163.07,4.55,54.0,0.0
Strathpeffer,57.59,-4.54,4.87,75.0,93.0
Kulhudhuffushi,6.62,73.07,29.05,64.0,59.0
Catuday,16.29,119.81,29.65,68.0,95.0
Longkou,37.64,120.47,13.15,65.0,90.0
Russell,-33.01,-68.8,16.0,72.0,0.0
Bridgetown,44.84,-65.29,6.76,93.0,40.0
Abu Kamal,34.45,40.92,19.35,45.0,25.0
Gavrilovka Vtoraya,52.88,42.77,11.85,85.0,0.0
Aswan,24.09,32.9,24.0,8.0,0.0
Thaton,16.91,97.37,30.95,69.0,100.0
Cojocna,46.75,23.83,12.12,87.0,90.0
Tiznit,29.7,-9.73,17.05,92.0,52.0
Nador,35.17,-2.93,13.96,82.0,0.0
Walla Walla,46.06,-118.33,20.2,28.0,1.0
Puerto Baquerizo Moreno,-0.9,-89.6,25.0,94.0,90.0
Launceston,-41.43,147.14,14.53,66.0,75.0
Birao,10.3,22.78,27.65,10.0,96.0
Divnoye,45.91,43.34,11.75,90.0,100.0
Hualmay,-11.1,-77.61,19.05,93.0,63.0
Nova Odesa,47.3,31.79,10.35,91.0,13.0
Angol,-37.8,-72.71,9.45,91.0,4.0
Farah,32.37,62.11,26.05,15.0,7.0
Nyurba,63.29,118.35,5.85,75.0,100.0
Kirensk,57.78,108.12,11.15,39.0,100.0
Henties Bay,-22.12,14.28,12.78,96.0,0.0
Swidwin,53.77,15.78,-0.72,100.0,0.0
Yumen,40.29,97.04,14.55,58.0,96.0
Grants Pass,42.44,-123.33,23.99,19.0,1.0
Port Hardy,50.7,-127.42,12.0,62.0,40.0
Huainan,32.59,117.01,27.85,34.0,100.0
Aranos,-24.14,19.11,18.45,20.0,0.0
Jinka,5.79,36.57,18.45,79.0,52.0
Naftalan,40.5,46.82,12.0,87.0,40.0
Aquiraz,-3.9,-38.39,27.2,74.0,0.0
Alabat,14.11,122.01,31.15,68.0,81.0
Borger,52.92,6.79,4.39,93.0,20.0
Alice Springs,-23.7,133.88,18.0,42.0,0.0
Dukat,42.44,22.31,6.85,90.0,74.0
Diego de Almagro,-26.39,-70.05,13.85,83.0,0.0
Lata,30.78,78.62,1.25,23.0,0.0
Mto wa Mbu,-3.38,35.86,17.45,84.0,55.0
Mombaca,-5.74,-39.63,20.05,73.0,15.0
Sorada,19.76,84.43,32.35,29.0,0.0
Rochegda,62.67,43.41,2.25,59.0,0.0
Morehead,38.18,-83.43,14.42,93.0,90.0
Paciran,-6.9,112.33,29.65,67.0,1.0
Fundu Moldovei,47.53,25.43,8.08,87.0,90.0
Mayo,63.59,-135.9,7.0,26.0,75.0
Hammerfest,70.66,23.68,-2.0,100.0,100.0
Sebring,27.5,-81.44,23.61,83.0,40.0
Yate,51.54,-2.41,3.06,80.0,0.0
Penzance,50.12,-5.53,5.84,86.0,0.0
Wanning,48.64,13.53,2.49,86.0,75.0
Marsassoum,12.83,-15.98,26.25,36.0,7.0
Kaeo,-35.1,173.78,19.66,88.0,6.0
Prince George,53.92,-122.75,10.56,53.0,40.0
Jeremie,18.65,-74.12,26.25,73.0,94.0
Bowen,-20.01,148.25,25.44,50.0,0.0
Mustasaari,63.17,21.67,0.0,81.0,93.0
Nemuro,43.32,145.57,25.0,23.0,0.0
Teshie,5.58,-0.11,27.0,88.0,75.0
Zhucheng,30.85,114.8,23.0,64.0,0.0
Manggar,-2.88,108.27,31.75,62.0,0.0
Oranjemund,-28.55,16.43,14.95,88.0,32.0
Cachoeira do Sul,-30.05,-52.89,22.45,95.0,100.0
Mogadishu,2.04,45.34,27.05,82.0,46.0
Trapani,38.02,12.54,13.68,82.0,75.0
Iznoski,54.99,35.31,6.15,89.0,44.0
Proddatur,14.76,78.55,34.55,34.0,10.0
Adrar,27.87,-0.29,23.0,27.0,0.0
Longyearbyen,78.22,15.63,-9.0,66.0,20.0
Sandwick,54.57,-2.89,4.35,86.0,1.0
Calvinia,-31.47,19.78,14.65,45.0,100.0
Isilkul,54.9,71.26,13.15,59.0,100.0
Rundu,-17.91,19.77,18.0,48.0,0.0
Dondo,-19.62,34.74,21.0,100.0,20.0
Mecca,21.43,39.83,29.45,42.0,0.0
Nyuksenitsa,60.41,44.24,4.05,57.0,100.0
Praia da Vitoria,38.73,-27.07,13.41,93.0,20.0
Wewak,-3.55,143.63,29.55,64.0,100.0
Turayf,31.68,38.65,12.0,66.0,0.0
Buraydah,26.33,43.97,24.0,57.0,0.0
Tucupita,9.06,-62.05,25.75,77.0,29.0
Colombia,3.38,-74.8,21.75,79.0,100.0
Gazojak,41.19,61.4,21.55,27.0,0.0
Matara,-13.74,-72.9,1.15,93.0,2.0
Spirit River,55.78,-118.84,2.6,50.0,75.0
Brigantine,39.41,-74.36,13.64,100.0,75.0
Tortoli,39.93,9.66,14.01,38.0,5.0
Tilichiki,60.47,166.1,5.85,46.0,0.0
Oksfjord,70.24,22.35,-1.19,100.0,88.0
Krasnovishersk,60.4,57.08,8.35,69.0,0.0
Ahipara,-35.17,173.16,21.11,88.0,51.0
Port Hedland,-20.31,118.58,31.0,14.0,12.0
Tigre,-34.42,-58.58,18.95,82.0,90.0
Ostrovnoy,68.05,39.51,-4.15,79.0,55.0
Namatanai,-3.66,152.44,25.45,88.0,100.0
Kostalexis,38.86,22.36,11.68,76.0,40.0
Hays,38.88,-99.33,17.04,72.0,1.0
Coahuayana,18.62,-100.35,30.95,21.0,27.0
Jacareacanga,-6.22,-57.76,24.55,83.0,75.0
Kangaatsiaq,68.31,-53.46,4.35,64.0,23.0
Constitucion,23.99,-104.67,24.4,12.0,20.0
Karaton,-6.34,106.1,29.11,66.0,20.0
Torata,-17.08,-70.84,17.15,45.0,100.0
Sattahip,12.67,100.9,33.44,66.0,20.0
Ko Samui,9.54,99.94,31.0,70.0,20.0
Mersing,2.43,103.84,34.15,50.0,89.0
Liku,-0.73,119.89,28.85,62.0,77.0
Smirnykh,49.74,142.83,14.35,36.0,100.0
Moron,10.49,-68.2,24.65,87.0,69.0
Sosnovoborsk,56.12,93.34,11.0,32.0,0.0
Kisangani,0.52,25.21,21.35,97.0,62.0
Presov,49.0,21.23,7.71,93.0,100.0
Taoudenni,22.68,-3.98,27.55,12.0,0.0
Fenoarivo Atsinanana,-17.38,49.41,17.25,99.0,8.0
Teya,21.05,-89.07,30.13,62.0,75.0
Ketchikan,55.34,-131.65,11.0,57.0,90.0
Byron Bay,-28.65,153.62,21.95,49.0,0.0
Bolkhov,53.44,36.0,8.85,96.0,9.0
Gewane,10.16,40.66,28.25,29.0,57.0
Rudnogorsk,57.27,103.75,12.95,32.0,49.0
Fairbanks,64.84,-147.72,7.18,33.0,75.0
Gobabis,-22.45,18.97,17.0,25.0,0.0
Murray Bridge,-35.12,139.28,17.03,66.0,0.0
Zahnitkiv,48.04,28.9,11.11,85.0,36.0
Methoni,36.82,21.7,12.0,87.0,40.0
Vengerovo,55.68,76.74,13.95,43.0,81.0
Necochea,-38.55,-58.74,14.41,80.0,100.0
Omsukchan,62.53,155.8,-0.55,99.0,86.0
Roald,62.58,6.12,0.92,86.0,100.0
Liaocheng,36.44,115.96,25.35,39.0,100.0
Nago,45.88,10.89,8.72,87.0,75.0
Zhangye,38.94,100.46,12.95,55.0,100.0
Laramie,41.31,-105.59,9.32,36.0,1.0
Sault Sainte Marie,46.49,-84.36,11.7,54.0,1.0
Sinazongwe,-17.26,27.46,17.85,75.0,11.0
Matagami,9.67,8.4,25.45,70.0,100.0
Priargunsk,50.37,119.09,9.35,24.0,0.0
Sorong,-0.86,131.25,30.35,72.0,100.0
Acajutla,13.59,-89.83,29.65,64.0,0.0
Konanur,12.63,76.05,25.45,60.0,14.0
Nshamba,-1.8,31.55,17.05,98.0,96.0
Mazsalaca,57.87,25.05,1.67,86.0,100.0
Jalu,29.03,21.55,29.05,19.0,71.0
Belyy Yar,53.6,91.39,6.0,41.0,0.0
Kenai,60.55,-151.26,10.97,32.0,40.0
Liling,27.65,113.49,20.0,94.0,99.0
Cape Canaveral,28.41,-80.6,22.18,100.0,40.0
Saint-Joseph,43.56,6.97,9.02,45.0,0.0
Ballina,54.11,-9.15,1.81,85.0,5.0
Key West,47.93,-96.78,6.1,60.0,40.0
Chekhov,55.14,37.45,5.0,86.0,20.0
Bhadrak,21.06,86.51,30.45,73.0,80.0
Boddam,57.47,-1.78,4.47,69.0,40.0
Phalodi,27.13,72.36,35.85,8.0,0.0
Peterhead,-34.83,138.5,17.33,48.0,75.0
Jumla,29.28,82.18,13.35,18.0,0.0
Murino,60.05,30.45,3.44,93.0,20.0
Kiruna,67.86,20.23,-6.0,85.0,41.0
North Bend,43.41,-124.22,12.6,76.0,1.0
Santa Barbara,34.42,-119.7,15.48,62.0,1.0
Nanortalik,60.14,-45.24,2.75,87.0,100.0
Harnosand,62.63,17.94,0.2,80.0,69.0
Entre Rios,-11.94,-38.08,20.25,96.0,9.0
Cedar City,37.68,-113.06,19.09,19.0,1.0
Vallenar,-28.58,-70.76,15.95,78.0,0.0
Portland,45.52,-122.67,21.22,35.0,1.0
Lazaro Cardenas,28.39,-105.62,28.33,12.0,20.0
Estelle,32.87,-97.01,19.85,64.0,5.0
Richards Bay,-28.77,32.06,22.35,83.0,100.0
Kinango,-4.13,39.32,26.0,88.0,75.0
Banda Aceh,5.56,95.32,28.95,79.0,99.0
Bakel,14.9,-12.46,32.65,15.0,1.0
Bukan,36.52,46.21,6.65,85.0,0.0
Kindu,-2.95,25.92,20.85,96.0,68.0
Ati,13.21,18.34,32.75,7.0,85.0
San Vicente,13.64,-88.78,26.5,83.0,0.0
Alta Floresta,-9.87,-56.08,22.55,97.0,100.0
Port Hawkesbury,45.62,-61.36,4.7,93.0,90.0
Carndonagh,55.25,-7.27,7.95,63.0,97.0
Miastko,54.0,16.98,1.08,82.0,0.0
La Rioja,-29.41,-66.86,16.95,95.0,45.0
Kothi,24.76,80.77,36.15,16.0,3.0
Luanda,-8.83,13.24,25.0,88.0,75.0
Sakaraha,-22.91,44.53,18.15,76.0,0.0
Ferme-Neuve,46.7,-75.45,5.25,73.0,0.0
Sibolga,1.74,98.78,28.45,68.0,100.0
Baykit,61.68,96.39,4.35,90.0,99.0
Mekhe,15.11,-16.62,19.0,93.0,0.0
Kholbon,51.9,116.25,12.05,23.0,2.0
Yuci,37.68,112.73,19.0,25.0,89.0
Puerto Palomas,31.78,-107.63,28.0,8.0,1.0
Vietri sul Mare,40.67,14.73,13.79,93.0,40.0
Shubarshi,48.59,57.19,16.25,36.0,99.0
Aksarka,66.56,67.8,1.25,84.0,0.0
Victor Harbor,-35.55,138.62,16.02,48.0,75.0
Nantucket,41.28,-70.1,8.87,100.0,90.0
Sukhodol,53.9,51.22,12.75,78.0,100.0
Rypefjord,70.63,23.67,-2.0,100.0,100.0
Rodez,44.35,2.57,0.68,93.0,0.0
Koungheul,13.98,-14.8,27.05,34.0,2.0
Bahawalpur,29.39,71.66,36.45,6.0,0.0
Novoagansk,61.94,76.66,10.65,81.0,35.0
Neftcala,39.37,49.25,14.95,80.0,0.0
Yerbogachen,61.28,108.01,5.25,81.0,100.0
Sabha,27.03,14.43,28.35,12.0,0.0
Port-Gentil,-0.72,8.78,27.55,82.0,100.0
Goderich,43.74,-81.71,4.77,96.0,70.0
Zhangjiakou,40.77,114.88,7.15,39.0,78.0
Klyuchi,52.25,79.17,16.25,29.0,19.0
Rabo de Peixe,37.8,-25.58,15.0,77.0,75.0
Mackenzie,55.34,-123.09,5.0,60.0,20.0
Riyadh,24.63,46.72,25.0,31.0,0.0
Berdigestyakh,62.1,126.7,6.45,63.0,23.0
Grand Gaube,-20.01,57.66,23.38,94.0,40.0
Pochutla,15.74,-96.47,27.8,74.0,5.0
Fort Saint James,54.43,-124.25,8.95,68.0,82.0
Georgiyevka,52.25,40.45,11.55,86.0,66.0
Roebourne,-20.77,117.15,33.25,10.0,8.0
Igrim,63.19,64.42,5.95,62.0,0.0
Bojnurd,37.47,57.33,13.0,87.0,99.0
Coquimbo,-29.95,-71.34,12.0,87.0,0.0
Neiafu,-18.65,-173.98,26.0,94.0,75.0
Rincon,32.3,-81.24,23.16,94.0,75.0
Yar-Sale,66.83,70.83,1.85,80.0,3.0
Tabuk,17.41,121.44,26.85,56.0,88.0
Udachnyy,66.42,112.4,-8.0,67.0,75.0
Bonthe,7.53,-12.5,27.75,75.0,100.0
Coalinga,36.14,-120.36,24.67,21.0,1.0
Sinait,17.87,120.46,29.0,74.0,75.0
Nueve de Julio,-31.67,-68.39,19.15,66.0,100.0
Pita,11.06,-12.4,23.65,29.0,86.0
Snasa,64.25,12.38,-0.35,93.0,100.0
Bulungu,-4.54,18.6,24.25,70.0,41.0
Praxedis Guerrero,31.37,-106.02,27.22,9.0,1.0
Camalu,30.85,-116.07,8.89,29.0,0.0
Jadu,31.95,12.03,15.25,65.0,0.0
Santo Augusto,-27.85,-53.78,23.05,80.0,100.0
Sombor,45.77,19.11,12.0,100.0,75.0
Saint Anthony,43.97,-111.68,16.53,20.0,1.0
Sao Jose da Coroa Grande,-8.9,-35.15,23.55,88.0,9.0
Porto Velho,-8.75,-63.87,26.0,83.0,40.0
Shizunai,42.33,142.37,13.55,59.0,0.0
Am Timan,11.04,20.28,33.05,25.0,100.0
Tete,-16.16,33.59,18.35,88.0,0.0
Rio Gallegos,-51.62,-69.22,-2.0,92.0,53.0
Kalabo,-15.0,22.67,17.95,54.0,39.0
Varzea da Palma,-17.6,-44.73,21.35,82.0,91.0
Bambanglipuro,-7.95,110.28,28.45,74.0,6.0
Iwanai,42.97,140.51,15.95,42.0,0.0
Olinda,-2.03,-79.75,26.62,88.0,75.0
Sao Felix do Xingu,-6.64,-51.99,21.85,95.0,73.0
Nishihara,35.74,139.53,22.34,72.0,75.0
Mizan Teferi,6.99,35.58,19.05,73.0,50.0
Vila do Maio,15.13,-23.22,22.0,68.0,75.0
Qinhuangdao,39.94,119.59,16.25,22.0,100.0
Sur,22.57,59.53,32.95,11.0,0.0
Humboldt,52.21,-105.12,2.05,52.0,61.0
Morris,41.36,-88.42,12.52,66.0,1.0
Mokhsogollokh,61.4,128.95,7.45,39.0,100.0
Beyneu,45.32,55.19,22.65,16.0,98.0
Yakeshi,49.28,120.73,4.75,36.0,3.0
Sinop,42.03,35.15,15.95,58.0,100.0
Lucapa,-8.42,20.74,21.25,80.0,50.0
Oxchuc,16.78,-92.34,20.55,74.0,28.0
Santa Cruz,36.97,-122.03,14.74,87.0,75.0
Lindi,-10.0,39.71,21.25,98.0,35.0
Shiyan,32.65,110.78,20.65,64.0,100.0
Nambour,-26.63,152.96,22.11,67.0,0.0
Buchanan,5.88,-10.05,24.0,94.0,40.0
Vestmanna,62.16,-7.17,6.0,75.0,84.0
Nelson Bay,-32.72,152.14,19.54,52.0,40.0
Labuhan,-2.54,115.51,33.25,49.0,40.0
Marica,-22.92,-42.82,27.02,88.0,0.0
Karratha,-20.74,116.85,33.55,10.0,7.0
Tacoronte,28.48,-16.41,16.22,76.0,90.0
Chadan,51.29,91.58,11.85,23.0,0.0
Banes,20.96,-75.72,26.0,61.0,20.0
Valle de Allende,26.94,-105.39,23.55,12.0,10.0
Guarda,40.54,-7.27,7.78,90.0,0.0
Lembeni,-3.78,37.62,20.05,86.0,45.0
Ilebo,-4.33,20.59,22.55,85.0,73.0
Suure-Jaani,58.54,25.46,1.67,93.0,52.0
Puerto Escondido,15.86,-97.07,28.0,74.0,5.0
Pingliang,35.54,106.68,13.95,73.0,100.0
Enumclaw,47.2,-121.99,17.25,55.0,1.0
Shimanovsk,52.0,127.67,9.25,22.0,100.0
Axim,4.87,-2.24,26.65,83.0,100.0
Montpellier,43.61,3.88,8.46,36.0,0.0
Bainbridge,30.9,-84.58,22.18,94.0,90.0
Temba,-25.38,28.26,15.0,71.0,0.0
Mishan,45.55,131.88,13.75,49.0,100.0
High Prairie,55.43,-116.48,2.25,35.0,100.0
Kurbnesh,41.77,20.09,14.0,93.0,90.0
North Platte,41.12,-100.77,17.22,51.0,29.0
Luena,-11.78,19.91,14.85,77.0,56.0
Kholodnyy,62.72,147.95,-0.15,99.0,100.0
Dong Xoai,11.53,106.92,33.35,53.0,49.0
Merauke,-8.49,140.4,27.95,78.0,100.0
Isoka,-10.15,32.64,14.25,96.0,32.0
Praya,-8.71,116.27,30.0,74.0,40.0
Gusau,12.17,6.66,31.75,43.0,100.0
Gravdal,59.79,5.78,4.82,60.0,100.0
Neuquen,-38.95,-68.06,15.0,51.0,0.0
Areosa,41.72,-8.86,13.66,76.0,0.0
Asosa,10.07,34.53,25.65,41.0,65.0
Onega,63.91,38.09,0.55,72.0,36.0
Jablonec nad Jizerou,50.7,15.43,0.8,91.0,99.0
Maine-Soroa,13.21,12.02,29.15,12.0,100.0
Gigmoto,13.78,124.39,29.85,65.0,42.0
Nizhniy Kuranakh,58.84,125.49,3.95,73.0,100.0
Den Helder,52.96,4.76,5.96,81.0,75.0
Hope,49.38,-121.43,16.77,59.0,20.0
Lapua,62.97,23.01,-1.45,86.0,75.0
Mazyr,52.05,29.27,8.75,93.0,1.0
Natal,-5.81,-35.21,25.23,94.0,40.0
Xai-Xai,-25.04,33.64,20.25,95.0,0.0
Bonga,7.26,36.25,13.95,81.0,68.0
Xinmin,42.0,122.83,9.0,87.0,90.0
Atambua,-9.11,124.89,29.45,64.0,1.0
Hastings,-39.64,176.84,19.05,58.0,1.0
Tirumullaivasal,11.24,79.84,34.05,49.0,58.0
Buala,-8.15,159.59,28.85,73.0,100.0
Bhadrachalam,17.67,80.89,35.95,19.0,11.0
Powell,40.16,-83.08,11.61,100.0,90.0
Englewood,39.65,-104.99,16.82,18.0,75.0
Chingola,-12.55,27.86,15.35,97.0,29.0
Sechura,-5.56,-80.82,21.55,87.0,16.0
Pekan,3.49,103.39,26.76,88.0,75.0
San Lucas,16.61,-92.72,31.0,45.0,75.0
Knysna,-34.04,23.05,12.0,66.0,98.0
Muzhi,65.4,64.7,2.75,72.0,1.0
Buenavista,4.36,-75.74,23.4,88.0,40.0
Raychikhinsk,49.8,129.4,7.15,54.0,100.0
Kushima,31.5,131.29,22.82,68.0,40.0
Nampula,-15.12,39.26,22.0,94.0,75.0
Petropavlovsk-Kamchatskiy,53.05,158.65,8.0,45.0,40.0
Soyo,-6.13,12.37,27.05,87.0,100.0
Limbang,4.75,115.01,29.55,70.0,40.0
Tirano,46.22,10.17,1.74,79.0,75.0
Nanning,22.83,108.3,21.0,94.0,90.0
Haverfordwest,51.8,-4.97,2.52,86.0,0.0
Santa Rosa,-36.62,-64.29,15.85,64.0,100.0
Chepareria,1.32,35.2,19.05,68.0,79.0
Sonoita,31.68,-110.66,27.24,12.0,1.0
Maceio,-9.67,-35.74,23.0,94.0,20.0
Senanga,-16.1,23.3,16.95,65.0,2.0
Kaseda,31.42,130.32,23.12,43.0,75.0
Conway,35.09,-92.44,16.3,88.0,90.0
Constantine,36.36,6.61,7.0,93.0,40.0
Karpathos,35.51,27.21,18.0,82.0,100.0
Meulaboh,4.14,96.13,28.05,70.0,99.0
Znamenskoye,57.13,73.82,12.15,73.0,100.0
Clifton,-27.93,151.91,17.47,52.0,40.0
Katy,29.79,-95.82,23.55,94.0,1.0
Aasiaat,68.71,-52.87,4.25,72.0,60.0
Xixiang,22.58,113.87,22.0,83.0,40.0
Wukari,7.87,9.78,27.05,78.0,100.0
Yishui,35.78,118.63,24.65,28.0,63.0
Ranot,7.78,100.32,32.45,58.0,86.0
Jizan,16.89,42.56,32.0,40.0,1.0
Deputatskiy,69.3,139.9,-3.25,93.0,80.0
Lac-Megantic,45.58,-70.88,5.33,93.0,1.0
Tezu,27.93,96.16,20.95,90.0,99.0
Ola,59.58,151.3,3.95,69.0,66.0
Kudat,6.89,116.84,30.7,70.0,75.0
Igarka,67.47,86.57,1.85,99.0,100.0
Paramonga,-10.68,-77.82,18.95,92.0,48.0
Ahualulco,22.4,-101.17,27.0,18.0,75.0
Townsville,-19.26,146.82,27.6,51.0,0.0
Consolacion del Sur,22.5,-83.51,24.65,89.0,0.0
Biltine,14.53,20.93,31.35,7.0,62.0
